Speaker,Vowel,Duration,F1,F2
F01,UW1,0.1696,432.2,1713.8
F01,UW1,0.1098,369.6,1641.4
F01,UW1,0.2295,470.8,1394.2
F01,UW1,0.1496,351.6,1756.4
F01,UW1,0.1097,322.3,1662.8
F01,IY1,0.1497,416.5,2546.9
F01,UW1,0.0499,387.4,1409.4
F01,AE1,0.0998,751.7,1702.2
F01,UW1,0.0798,364.7,1711.2
F01,IY1,0.10300000000000001,400.6,2609.2
F01,UW1,0.0498,371.6,1504.4
F01,AE1,0.0898,768.9,1658.9
F01,IY1,0.0998,360.0,2693.5
F01,UW1,0.1098,329.7,1931.0
F01,IY1,0.0998,329.8,2629.1
F01,IY1,0.1397,318.9,2741.2
F01,IY1,0.1397,310.2,2716.6
F01,UW1,0.0898,302.4,1908.4
F01,UW1,0.0399,310.9,1889.8
F01,AA1,0.1496,1017.5,1503.6
F01,AA1,0.1297,776.2,1247.7
F01,AA1,0.0997,697.4,1428.4
F01,AA1,0.1097,656.4,1272.4
F01,AA1,0.1098,627.8,1437.8
F01,AA1,0.0799,672.7,1445.6
F01,UW1,0.0499,388.7,1894.1
F01,AE1,0.0998,723.6,1814.3
F01,UW1,0.0599,354.0,1897.2
F01,AE1,0.0898,622.4,1787.1
F01,UW1,0.0599,364.9,1785.6
F01,UW1,0.0798,317.5,1819.6
F01,AA1,0.0599,699.0,1148.3
F01,AA1,0.0798,742.5,1410.5
F01,AE1,0.0998,674.6,1659.5
F01,UW1,0.0997,382.5,1580.1
F01,IY1,0.0798,343.4,2487.6
F01,AE1,0.0798,717.7,1634.5
F01,UW1,0.0798,290.7,1614.8
F01,IY1,0.1397,331.2,2549.4
F01,AA1,0.0898,767.0,1581.3
F01,IY1,0.1696,394.8,2715.0
F01,AE1,0.1197,762.3,1706.4
F01,IY1,0.1097,321.1,2470.6
F01,AA1,0.0998,796.3,1532.6
F01,IY1,0.1895,372.3,2701.5
F01,UW1,0.0399,375.9,1593.0
F01,AE1,0.1396,738.1,1785.4
F01,IY1,0.0599,350.7,2479.5
F01,AE1,0.0798,863.9,1731.2
F01,IY1,0.0998,319.2,2573.8
F01,AE1,0.0699,726.8,1596.3
F01,AA1,0.0898,839.6,1390.7
F01,AA1,0.0798,633.9,1105.2
F01,AA1,0.1198,620.4,1546.8
F01,AA1,0.1098,665.6,1135.2
F01,IY1,0.1297,427.9,2287.3
F01,IY1,0.1397,413.2,2369.1
F01,AE1,0.0499,854.5,1731.3
F01,UW1,0.1197,400.2,1582.1
F01,UW1,0.1297,349.1,1554.5
F01,AA1,0.1097,740.7,1428.3
F01,AA1,0.1696,756.3,1552.4
F01,UW1,0.0399,284.3,1900.8
F01,UW1,0.1596,403.8,1451.7
F01,UW1,0.0399,349.6,1849.3
F01,UW1,0.1497,408.6,1415.1
F01,UW1,0.1696,341.2,1606.2
F01,UW1,0.0699,325.0,1636.6
F01,UW1,0.2195,340.4,1820.3
F01,UW1,0.0499,330.9,1616.1
F01,UW1,0.0399,374.2,1917.2
F01,UW1,0.0399,336.8,1962.9
F01,AE1,0.1596,728.6,1750.0
F01,AE1,0.1497,795.5,1697.1
F01,AE1,0.1397,719.4,1953.5
F01,AE1,0.1197,774.2,1860.3
F01,UW1,0.0399,312.5,1740.1
F01,AE1,0.1696,736.4,1816.9
F01,AE1,0.1497,727.0,1759.3
F01,AE1,0.1597,766.6,1845.5
F01,AE1,0.1796,788.0,1886.4
F01,AA1,0.1396,623.7,1482.7
F01,AA1,0.1097,698.0,1422.9
F01,UW1,0.0499,384.4,1602.0
F01,UW1,0.0898,367.3,1769.8
F01,AE1,0.0898,668.7,1673.8
F01,AE1,0.1098,717.0,1741.4
F01,AA1,0.1297,545.7,1639.0
F01,AA1,0.1297,520.3,1476.2
F01,IY1,0.0599,377.0,2585.9
F01,IY1,0.0898,350.4,2574.4
F01,AE1,0.1297,717.3,1725.4
F01,AE1,0.1397,723.2,1689.6
F01,UW1,0.0399,370.1,1710.8
F01,UW1,0.0499,258.8,1329.7
F01,AE1,0.1995,837.4,1775.7
F01,IY1,0.1298,409.9,2724.6
F01,AE1,0.1896,742.2,1788.2
F01,IY1,0.1497,389.4,2378.7
F01,AA1,0.1895,764.0,1261.8
F01,AA1,0.1795,719.2,1377.8
F01,UW1,0.0499,361.0,1669.9
F01,UW1,0.0897,336.5,1841.4
F01,UW1,0.0599,415.7,1469.0
F01,UW1,0.0599,371.3,1835.6
F01,UW1,0.1297,371.3,1402.6
F01,UW1,0.1396,335.1,1421.6
F01,AE1,0.1297,749.7,1726.6
F01,AE1,0.1197,752.4,1819.0
F01,UW1,0.0399,375.6,1647.0
F01,UW1,0.0499,310.7,1889.1
F01,AE1,0.0898,679.7,1777.6
F01,AE1,0.0799,672.0,1765.6
F01,IY1,0.0898,359.0,2302.4
F01,IY1,0.0898,447.1,2460.0
F01,IY1,0.0898,392.5,2423.6
F01,UW1,0.0898,403.9,1443.1
F01,IY1,0.1596,378.5,2552.4
F01,UW1,0.0997,396.9,1415.5
F01,IY1,0.1895,341.7,2500.7
F01,AA1,0.2095,772.7,1613.6
F01,AA1,0.1796,632.9,1376.1
F01,IY1,0.1696,315.9,2539.6
F01,IY1,0.1397,353.9,2561.0
F01,IY1,0.1197,324.4,2769.5
F01,IY1,0.1397,315.9,2674.6
F01,IY1,0.0998,378.5,2390.1
F01,AA1,0.1397,848.2,1379.6
F01,IY1,0.1397,338.0,2624.3
F01,IY1,0.1397,479.8,2658.4
F01,IY1,0.0698,365.8,2230.1
F01,AE1,0.0898,812.3,1684.9
F01,AE1,0.1097,811.1,1721.8
F01,AE1,0.1098,818.6,1725.3
F01,AE1,0.1297,761.5,1715.9
F01,IY1,0.1597,415.5,2667.5
F01,AE1,0.1896,796.0,1816.1
F01,AE1,0.0798,682.9,2036.8
F01,IY1,0.0898,328.5,2627.9
F01,AE1,0.1596,791.9,1792.6
F01,AE1,0.1098,717.8,1815.8
F01,UW1,0.1298,407.6,1681.9
F01,AE1,0.0998,782.7,1651.9
F01,UW1,0.0997,378.3,1756.8
F01,AE1,0.1098,821.1,1650.9
F01,AE1,0.1098,744.2,1771.8
F01,UW1,0.0998,390.6,1706.6
F01,AE1,0.0798,814.7,1806.7
F01,UW1,0.0998,399.8,1593.3
F01,UW1,0.1197,423.8,1357.8
F01,UW1,0.1098,351.7,1671.6
F01,UW1,0.1098,381.5,1393.7
F01,UW1,0.0599,365.8,1757.8
F01,UW1,0.0699,409.0,1264.7
F01,UW1,0.0798,414.4,1263.3
F01,UW1,0.0898,353.4,1489.2
F01,IY1,0.0799,440.5,2567.6
F01,UW1,0.0898,343.5,1379.5
F01,IY1,0.1596,303.4,2634.1
F01,IY1,0.1696,348.9,2663.2
F01,UW1,0.1098,361.8,1344.0
F01,UW1,0.1197,470.3,1391.5
F01,AA1,0.0898,695.8,1337.3
F01,AA1,0.0798,713.0,1308.2
F01,UW1,0.0898,336.0,1799.3
F01,UW1,0.1197,336.0,1521.4
F01,UW1,0.0698,443.8,1834.5
F01,AA1,0.1297,812.2,1454.2
F01,AA1,0.1396,516.9,1474.8
F01,AE1,0.1297,695.4,1972.1
F01,AE1,0.1097,772.8,1927.0
F01,UW1,0.0598,356.6,1863.2
F01,AA1,0.0898,689.5,1367.2
F01,UW1,0.0599,368.6,1819.4
F01,AA1,0.0998,683.7,1371.9
F01,AE1,0.1197,942.9,1863.0
F01,AA1,0.1996,695.4,1302.8
F01,AE1,0.0998,807.7,1832.2
F01,AA1,0.1896,676.3,1184.3
F01,UW1,0.0998,334.0,1989.8
F01,UW1,0.1596,382.1,1947.5
F01,AE1,0.1796,828.8,1689.7
F01,IY1,0.0997,304.8,2527.6
F01,IY1,0.1297,342.4,2592.3
F01,IY1,0.1597,385.4,2656.3
F01,IY1,0.1497,373.4,2650.9
F01,IY1,0.1697,358.5,2586.1
F01,IY1,0.1397,409.0,2529.7
F01,IY1,0.0898,421.1,2597.3
F01,IY1,0.1796,346.3,2613.6
F01,IY1,0.1197,384.6,2558.5
F01,IY1,0.1896,347.7,2559.8
F01,AA1,0.1696,695.9,1812.6
F01,AA1,0.1397,616.8,1603.1
F01,UW1,0.0599,479.2,1541.4
F01,AE1,0.2295,805.9,1781.8
F01,AA1,0.1198,748.4,1460.2
F01,UW1,0.0998,469.4,1439.2
F01,AE1,0.1995,792.3,1854.3
F01,AA1,0.1596,768.4,1702.7
F01,IY1,0.1098,425.7,2412.4
F01,AA1,0.0799,666.2,1527.6
F01,IY1,0.1497,357.3,2361.5
F01,UW1,0.1397,410.7,1460.5
F01,UW1,0.1297,405.7,1353.2
F01,IY1,0.1896,343.5,2705.0
F01,AE1,0.1297,925.6,1649.3
F01,IY1,0.2195,366.6,2676.2
F01,AE1,0.1397,812.5,1773.5
F01,IY1,0.0599,399.1,2593.2
F01,IY1,0.1297,430.6,2683.2
F01,IY1,0.0898,468.4,2601.1
F01,IY1,0.0898,363.4,2574.3
F01,AE1,0.1496,750.5,1648.2
F01,AE1,0.1496,908.4,1774.7
F01,IY1,0.0698,335.4,2679.5
F01,IY1,0.0599,342.1,2494.1
F01,AA1,0.0997,770.9,1621.9
F01,IY1,0.1197,323.5,2438.3
F01,IY1,0.0499,372.5,2553.6
F01,AA1,0.1098,745.2,1533.5
F01,UW1,0.1796,353.6,1385.4
F01,UW1,0.2095,305.4,1531.5
F01,AA1,0.1397,753.4,1510.1
F01,AA1,0.1098,695.8,1453.0
F01,IY1,0.0898,328.9,2623.3
F01,AE1,0.1197,741.9,1796.9
F01,IY1,0.0799,293.6,2559.6
F01,AE1,0.0699,685.2,1820.3
F01,IY1,0.1197,355.9,2580.7
F01,IY1,0.1396,397.8,2637.9
F01,AE1,0.0798,769.2,1664.3
F01,AE1,0.1197,911.3,1653.8
F01,IY1,0.0799,330.4,2599.0
F01,IY1,0.0599,336.3,2556.6
F01,IY1,0.1596,365.8,2555.8
F01,IY1,0.1696,320.8,2480.9
F01,UW1,0.1297,328.2,1552.8
F01,UW1,0.0998,340.2,1593.1
F01,IY1,0.1197,361.3,2702.6
F01,IY1,0.1397,325.6,2624.9
F01,IY1,0.1497,334.5,2552.0
F01,IY1,0.1198,326.9,2636.8
F01,UW1,0.0798,351.0,1964.8
F01,UW1,0.1098,384.7,2113.3
F01,AA1,0.1198,672.3,1340.8
F01,AA1,0.1297,710.5,1410.0
F01,AE1,0.1696,767.1,1836.6
F01,AE1,0.1596,654.5,1860.4
F01,AA1,0.0998,680.7,1411.9
F01,AA1,0.0898,672.9,1653.9
F01,UW1,0.0799,426.6,1481.6
F01,AE1,0.0998,739.1,1550.4
F01,UW1,0.0798,403.6,1486.4
F01,AE1,0.0997,733.7,1606.4
F01,AA1,0.1895,947.2,1584.1
F01,AA1,0.1697,518.1,1650.5
F01,AA1,0.2195,637.7,1774.8
F01,AA1,0.0998,696.3,1471.2
F01,AA1,0.1696,711.9,1487.9
F01,AA1,0.0997,688.0,1434.1
F01,AE1,0.1397,762.3,1758.4
F01,AE1,0.1397,694.6,1767.5
F01,AA1,0.1197,593.8,1520.4
F01,AA1,0.1297,756.2,1478.6
F01,AE1,0.1198,723.2,1798.1
F01,AE1,0.1297,937.6,1749.7
F01,IY1,0.2095,291.3,2394.3
F01,IY1,0.1197,307.0,2577.7
F01,IY1,0.1197,412.8,2718.2
F01,IY1,0.1596,363.0,2602.4
F01,IY1,0.1397,390.5,2399.9
F01,UW1,0.0399,417.2,1779.6
F01,UW1,0.0599,380.1,1556.1
F01,AE1,0.0997,670.0,1873.2
F01,IY1,0.0499,348.2,2356.1
F01,UW1,0.0599,406.8,1889.8
F01,UW1,0.0599,377.3,1547.3
F01,AE1,0.0898,701.7,1808.3
F01,AA1,0.0998,712.1,1264.4
F01,UW1,0.1197,394.4,1506.2
F01,AA1,0.1198,983.4,1609.5
F01,UW1,0.1098,428.7,1513.3
F01,UW1,0.0399,274.5,1812.3
F01,AE1,0.0499,698.0,1641.9
F01,UW1,0.0698,331.5,1764.8
F01,IY1,0.1297,398.9,2532.9
F01,IY1,0.1397,380.2,2426.1
F01,UW1,0.0599,342.4,1609.0
F01,UW1,0.0499,307.1,1489.2
F01,IY1,0.0798,381.9,2331.7
F01,IY1,0.1097,381.3,2540.4
F01,IY1,0.0798,398.8,2335.8
F01,IY1,0.1098,387.5,2527.5
F01,AE1,0.0599,692.9,1847.7
F01,AE1,0.0897,800.2,1626.3
F01,AE1,0.0998,778.1,1837.8
F01,AE1,0.1197,776.6,1606.8
F01,AE1,0.1197,774.5,1830.4
F01,AE1,0.1297,779.4,1789.3
F01,UW1,0.1597,388.2,1724.4
F01,AE1,0.1896,786.2,1724.0
F01,UW1,0.1596,385.5,1781.5
F01,UW1,0.0399,398.0,1471.3
F01,AE1,0.1995,880.7,1750.5
F01,UW1,0.0599,370.7,1493.5
F01,UW1,0.0499,367.5,1511.1
F01,AA1,0.1497,698.1,1414.3
F01,AA1,0.1696,683.1,1488.8
F01,AA1,0.1796,771.2,1276.2
F01,AA1,0.1697,788.1,1343.7
F01,AE1,0.2195,785.8,1825.3
F01,AE1,0.1896,882.4,1890.5
F01,UW1,0.1197,340.4,1693.0
F01,AE1,0.1396,624.1,1937.6
F01,UW1,0.0499,449.4,1730.1
F01,AA1,0.1297,667.5,1456.2
F01,AE1,0.1097,777.9,1659.7
F01,AE1,0.0998,749.9,1664.2
F01,IY1,0.1397,312.7,2474.2
F01,IY1,0.1397,358.1,2426.9
F01,UW1,0.0998,473.3,1455.3
F01,AE1,0.0898,569.7,1805.3
F01,UW1,0.1496,433.7,1394.5
F01,AA1,0.1197,578.5,1574.8
F01,IY1,0.1297,323.4,2426.7
F01,AA1,0.1197,750.7,1300.7
F01,IY1,0.1297,337.4,2415.4
F01,UW1,0.0998,357.5,1654.5
F01,AE1,0.1596,716.0,1990.4
F01,UW1,0.1397,348.8,1701.1
F01,AE1,0.1796,701.5,1891.5
F01,AE1,0.0898,984.0,1781.5
F01,AE1,0.1297,615.2,1581.7
F01,IY1,0.0798,433.0,2531.6
F01,UW1,0.0798,426.9,1265.0
F01,UW1,0.0799,418.6,1242.9
F01,AE1,0.1696,865.0,1906.6
F01,AE1,0.1796,829.5,1943.3
F01,AA1,0.1496,697.7,1245.8
F01,AA1,0.2095,777.5,1337.7
F01,AA1,0.0598,715.4,1294.6
F01,IY1,0.0799,269.4,2684.8
F01,AA1,0.0699,721.5,1217.7
F01,IY1,0.0599,276.2,2666.0
F01,AA1,0.0699,763.8,1267.9
F01,IY1,0.0998,483.7,2575.3
F01,AE1,0.1097,782.2,1842.2
F01,IY1,0.0798,452.9,2627.4
F01,AE1,0.1098,828.2,1924.0
F01,AE1,0.1796,883.5,1600.4
F01,AE1,0.1696,968.0,1582.1
F01,AA1,0.1696,694.4,1510.0
F01,UW1,0.0499,285.3,1979.5
F01,AA1,0.1497,723.3,1418.7
F01,IY1,0.0598,324.7,2478.6
F01,UW1,0.0499,395.5,1875.0
F01,AA1,0.1297,639.0,1452.4
F01,AE1,0.1497,774.7,1649.8
F01,AA1,0.1197,647.5,1528.0
F01,AE1,0.0898,793.4,1661.1
F01,UW1,0.0598,446.0,1475.4
F01,AE1,0.1198,761.1,1765.6
F01,UW1,0.0599,464.5,1454.4
F01,AE1,0.0898,759.7,1836.2
F01,AA1,0.0998,673.0,1079.6
F01,AA1,0.0599,640.6,1069.5
F01,AE1,0.1197,818.9,1536.4
F01,AE1,0.1297,792.4,1687.6
F01,AE1,0.1895,778.2,1775.0
F01,AE1,0.1297,598.4,1755.3
F01,AE1,0.1796,769.7,1811.8
F01,AE1,0.0998,874.7,1873.0
F01,AE1,0.1197,813.8,1828.1
F01,AE1,0.0798,922.2,1856.2
F01,UW1,0.0399,375.1,1828.2
F01,AE1,0.0798,794.3,1775.5
F01,AA1,0.1198,693.3,1456.6
F01,AE1,0.1198,847.6,1655.3
F01,AA1,0.1596,691.0,1363.6
F01,AE1,0.0998,902.3,1646.0
F01,UW1,0.0799,329.9,1337.9
F01,UW1,0.0698,324.8,1608.8
F01,AE1,0.0898,788.8,1653.4
F01,AA1,0.1597,761.3,1338.0
F01,AE1,0.1297,851.8,1808.9
F01,AA1,0.1497,748.8,1282.1
F01,IY1,0.1297,353.4,2605.9
F01,IY1,0.1297,369.3,2573.4
F01,UW1,0.0798,313.7,1350.9
F01,UW1,0.0798,324.3,1436.6
F01,UW1,0.1396,336.9,1545.5
F01,AE1,0.1696,808.8,1822.8
F01,UW1,0.1497,348.7,1531.2
F01,AE1,0.1896,845.7,1724.3
F01,IY1,0.0698,384.2,2556.9
F01,AE1,0.0798,758.9,1816.2
F01,AA1,0.1497,758.9,1410.7
F01,AE1,0.1397,878.9,1692.0
F01,AE1,0.0698,658.3,1846.6
F01,AA1,0.1596,781.7,1303.6
F01,AE1,0.1496,966.6,1789.3
F01,UW1,0.0698,327.2,1683.7
F01,UW1,0.1098,395.0,1415.1
F01,UW1,0.0798,323.5,1579.1
F01,UW1,0.1596,405.5,1598.6
F01,AE1,0.1198,701.3,1803.3
F01,AE1,0.1497,653.4,1986.5
F01,AE1,0.0598,719.8,1640.4
F01,AE1,0.1497,819.8,1607.0
F01,AE1,0.1497,743.4,1631.6
F01,IY1,0.0699,358.3,2480.7
F01,IY1,0.0698,384.8,2567.4
F01,AE1,0.1197,722.0,1839.1
F01,AE1,0.0998,810.0,1801.5
F01,AE1,0.1995,786.2,1795.2
F01,AE1,0.1397,903.2,1733.2
F01,UW1,0.03,374.5,1944.8
F01,AE1,0.1596,737.2,1856.1
F01,AE1,0.1297,858.0,1682.8
F01,UW1,0.03,382.1,2058.1
F01,AE1,0.0998,802.8,1773.3
F01,AE1,0.1198,819.8,1795.4
F01,UW1,0.0399,348.3,1589.3
F01,AE1,0.0699,760.9,1719.5
F01,AE1,0.1197,635.0,1630.8
F01,AE1,0.1496,900.1,1737.7
F01,AE1,0.1397,772.9,1772.5
F01,AE1,0.1297,884.3,1834.4
F01,IY1,0.0798,361.7,2493.4
F01,IY1,0.1098,398.5,2288.8
F01,AE1,0.1397,929.5,1765.7
F01,AE1,0.0898,890.4,1710.2
F01,AE1,0.0898,810.0,1920.6
F01,AE1,0.0898,661.3,1810.2
F01,AE1,0.1596,849.6,1838.6
F01,AE1,0.0799,761.2,1957.5
F01,AE1,0.1098,601.9,1811.6
F01,AA1,0.0998,743.1,1373.9
F01,AA1,0.0998,702.7,1435.6
F01,AE1,0.1896,668.9,1921.7
F01,IY1,0.1097,387.6,2646.2
F01,AE1,0.2195,781.5,1842.5
F01,UW1,0.0898,253.4,2102.8
F01,IY1,0.1297,413.2,2584.4
F01,UW1,0.0598,352.7,1615.2
F01,AE1,0.0699,778.1,1765.2
F01,UW1,0.1197,375.1,1688.1
F01,AE1,0.0598,767.3,1815.8
F01,AE1,0.1198,794.7,1724.6
F01,AE1,0.1397,813.6,1722.7
F01,IY1,0.1696,310.4,2625.1
F01,AA1,0.1497,701.5,1120.6
F01,IY1,0.1397,350.7,2703.6
F01,AA1,0.1397,643.3,1125.0
F01,AE1,0.1097,725.9,1971.0
F01,AE1,0.0699,670.5,1829.7
F01,AE1,0.0898,779.5,1794.5
F01,IY1,0.0998,407.8,2522.4
F01,IY1,0.1097,408.0,2550.4
F01,UW1,0.0499,358.5,1619.3
F01,IY1,0.1098,383.4,2663.7
F01,UW1,0.0998,328.0,1911.4
F01,IY1,0.0998,373.5,2614.7
F01,UW1,0.0898,340.1,1960.0
F01,AA1,0.0798,706.0,1483.1
F01,AE1,0.1197,743.2,1793.8
F01,AA1,0.0998,775.8,1427.9
F01,AE1,0.1098,825.0,1854.2
F01,UW1,0.03,281.4,1793.7
F01,AE1,0.1396,753.1,1846.4
F01,AE1,0.1396,732.0,1564.5
F01,AE1,0.1198,593.8,1764.3
F01,AE1,0.1098,746.6,1562.5
F01,AE1,0.1397,793.7,1576.7
F01,AE1,0.1097,703.1,1788.6
F01,AE1,0.1397,744.0,1814.0
F01,UW1,0.1098,317.4,1475.2
F01,UW1,0.0898,317.0,1440.8
F01,IY1,0.1097,365.3,2574.2
F01,IY1,0.1198,357.4,2577.9
F01,AA1,0.1596,996.3,1395.7
F01,AE1,0.0599,873.7,1899.7
F01,AE1,0.0699,806.9,1764.5
F01,UW1,0.0399,360.3,1807.4
F01,UW1,0.0598,367.0,1878.3
F01,IY1,0.0874,371.0,2619.9
F01,UW1,0.0898,406.7,1762.6
F01,IY1,0.1098,322.6,2587.2
F01,UW1,0.1097,407.0,1552.3
F01,AE1,0.0799,730.3,1709.6
F01,AE1,0.0998,769.5,1703.3
F01,AA1,0.1297,738.2,1509.7
F01,AA1,0.1596,721.4,1521.7
F01,AE1,0.0998,660.5,1507.5
F01,AE1,0.0997,686.1,1610.2
F01,AE1,0.1696,796.4,1651.6
F01,AE1,0.1597,964.7,1641.4
F01,IY1,0.1696,366.3,2503.3
F01,IY1,0.1497,368.3,2607.1
F01,IY1,0.1297,347.4,2726.1
F01,IY1,0.1297,333.7,2717.2
F01,AE1,0.1696,1025.4,1815.8
F01,IY1,0.0998,316.9,2490.1
F01,UW1,0.1796,459.2,1720.6
F01,AE1,0.1597,749.9,1800.1
F01,IY1,0.0898,343.4,2587.0
F01,UW1,0.1597,453.7,2006.6
F01,UW1,0.1197,340.4,1564.1
F01,UW1,0.1397,357.1,1577.8
F01,AA1,0.0798,765.5,1549.0
F01,IY1,0.0898,358.0,2427.8
F01,AE1,0.1297,796.7,1828.7
F01,IY1,0.0898,358.9,2197.5
F01,AE1,0.0699,798.0,1839.3
F01,UW1,0.0798,380.7,1678.6
F01,UW1,0.0499,347.2,1747.3
F01,AE1,0.0599,645.2,1706.3
F01,AA1,0.0997,634.8,1590.0
F01,AE1,0.1197,683.9,1702.8
F01,AA1,0.1496,701.1,1557.6
F01,UW1,0.1396,392.7,1533.1
F01,UW1,0.1397,342.9,1567.6
F01,AE1,0.1198,793.1,1805.8
F01,AE1,0.0998,707.2,1758.3
F01,AE1,0.1497,957.1,1856.8
F01,AE1,0.1397,854.3,1869.2
F01,IY1,0.1496,375.9,2654.8
F01,IY1,0.1197,376.7,2596.7
F01,AA1,0.1497,790.2,1538.4
F01,UW1,0.1098,407.2,1799.9
F01,AA1,0.0699,738.4,1470.6
F01,UW1,0.0898,453.6,1616.8
F01,UW1,0.1197,403.3,1530.0
F01,AE1,0.1198,773.2,1743.3
F01,AE1,0.1896,827.9,1750.9
F01,IY1,0.1197,356.6,2849.1
F01,IY1,0.1696,379.7,2804.2
F01,UW1,0.0599,363.0,1835.6
F01,IY1,0.1198,309.9,2812.2
F01,AA1,0.0699,658.5,1483.4
F01,IY1,0.1596,352.3,2577.3
F01,IY1,0.1098,289.9,2792.2
F01,AA1,0.0399,677.8,1377.3
F01,IY1,0.1596,334.9,2561.2
F01,AE1,0.1796,828.2,1784.0
F01,UW1,0.0399,386.8,1271.7
F01,AE1,0.1896,778.4,1746.6
F01,UW1,0.03,395.8,1578.3
F01,AA1,0.1396,792.1,1241.9
F01,AA1,0.1397,736.3,1246.6
F01,AA1,0.1597,874.8,1338.0
F01,AE1,0.1397,929.6,1867.0
F01,IY1,0.0698,296.4,2567.8
F01,UW1,0.0499,326.2,1708.4
F01,AE1,0.1297,813.1,1848.0
F01,AA1,0.1497,733.1,1468.1
F01,AE1,0.1197,915.7,1732.2
F01,AE1,0.0898,1050.4,1692.5
F01,AA1,0.1397,748.7,1620.4
F01,IY1,0.0599,332.4,2531.9
F01,IY1,0.1198,318.8,2622.0
F01,IY1,0.1397,391.4,2572.4
F01,AA1,0.1397,773.6,1384.4
F01,AE1,0.0699,880.5,1792.0
F01,AA1,0.1297,774.1,1452.1
F01,AE1,0.1297,1058.3,1747.0
F01,AE1,0.0698,731.7,1900.3
F01,AE1,0.0798,593.3,1929.7
F01,IY1,0.0898,344.0,2439.0
F01,AE1,0.2096,851.7,1890.9
F01,UW1,0.1097,404.8,1390.1
F01,IY1,0.0699,326.3,2605.4
F01,IY1,0.1397,334.3,2787.0
F01,IY1,0.1098,394.4,2583.0
F01,UW1,0.0399,369.0,1667.2
F01,IY1,0.1197,364.3,2723.6
F01,IY1,0.1297,406.3,2669.3
F01,AA1,0.0698,934.6,1627.5
F01,AE1,0.0598,641.0,1671.0
F01,AE1,0.1098,759.5,1696.3
F01,AE1,0.0798,782.2,1677.1
F01,IY1,0.1297,291.7,2583.7
F01,AE1,0.1297,841.7,1650.8
F01,AE1,0.1097,792.7,1666.0
F01,IY1,0.0998,402.3,2674.1
F01,AA1,0.0599,720.6,1582.2
F01,UW1,0.0399,342.4,1812.8
F01,IY1,0.1097,398.5,2549.0
F01,UW1,0.1297,326.2,1773.4
F01,IY1,0.1297,323.4,2720.3
F01,IY1,0.0499,373.7,2691.3
F01,AA1,0.1796,786.2,1226.8
F01,AA1,0.0997,715.8,1538.4
F01,AA1,0.1497,775.2,1316.1
F01,AE1,0.1497,814.7,1729.7
F01,IY1,0.1397,411.1,2729.6
F01,AE1,0.0998,1057.5,1816.8
F01,UW1,0.1197,428.4,1510.2
F01,AE1,0.0798,928.7,1811.7
F01,UW1,0.1097,404.1,1795.0
F01,AA1,0.1496,771.5,1457.5
F01,UW1,0.1297,503.6,1733.4
F01,AE1,0.1297,925.6,1681.1
F01,IY1,0.1297,314.4,2372.0
F01,AE1,0.0898,719.7,1703.1
F01,IY1,0.1397,302.1,2824.3
F01,IY1,0.1796,351.4,2516.7
F01,IY1,0.0499,300.9,2560.5
F01,IY1,0.1696,371.1,2561.9
F01,UW1,0.0499,329.6,1789.8
F01,IY1,0.1197,347.7,2657.0
F01,IY1,0.1397,331.0,2684.9
F01,AE1,0.1397,848.4,1711.1
F01,IY1,0.0798,321.0,2352.0
F01,AA1,0.1297,818.6,1480.1
F01,IY1,0.0699,339.9,2741.6
F01,IY1,0.1497,376.0,2579.4
F01,AA1,0.0998,763.8,1353.9
F01,IY1,0.1497,321.5,2596.7
F01,AA1,0.1895,764.2,1493.0
F01,UW1,0.0997,323.9,1920.8
F01,AE1,0.1297,787.3,1810.3
F01,IY1,0.0998,326.6,2355.2
F01,IY1,0.0699,484.1,2799.8
F01,AE1,0.1796,786.7,1787.8
F01,AE1,0.1197,857.8,1801.2
F01,AE1,0.1097,911.0,1844.7
F01,UW1,0.0898,429.4,1631.1
F01,IY1,0.1497,387.6,2643.5
F01,UW1,0.0898,340.5,1979.5
F01,AA1,0.0998,666.6,1261.0
F01,AA1,0.1297,760.8,1455.1
F01,UW1,0.0898,364.9,1522.3
F01,IY1,0.1297,360.7,2839.9
F01,IY1,0.1397,335.8,2562.0
F01,UW1,0.0997,398.1,1801.5
F01,IY1,0.1397,434.1,2606.0
F01,IY1,0.0997,438.2,2743.3
F01,IY1,0.0898,327.8,2663.3
F01,AA1,0.1596,708.8,1403.2
F01,AA1,0.1397,698.9,1584.3
F01,IY1,0.1497,390.4,2363.7
F01,AE1,0.0798,649.5,1931.3
F01,AE1,0.1197,815.3,1650.1
F01,UW1,0.0599,248.0,1280.1
F01,IY1,0.1297,350.9,2779.9
F01,AE1,0.1497,737.3,1764.8
F01,AE1,0.2096,827.8,1879.9
F01,UW1,0.0698,339.3,2052.5
F01,UW1,0.0499,333.2,1780.8
F01,UW1,0.1098,388.1,1570.7
F01,AE1,0.1097,757.0,1940.9
F01,UW1,0.0997,321.5,1569.1
F01,IY1,0.1297,334.8,2794.2
F01,IY1,0.0898,308.9,2687.2
F01,IY1,0.1198,408.4,2749.1
F01,AE1,0.1596,802.5,1793.9
F01,AE1,0.1597,880.9,1854.3
F01,IY1,0.1896,293.3,2916.3
F01,IY1,0.0998,369.8,2611.2
F01,AE1,0.0699,914.3,1689.1
F01,AE1,0.1197,749.9,1641.1
F01,IY1,0.2472,353.5,2681.8
F01,AA1,0.1297,754.0,1412.4
F01,IY1,0.1197,326.0,2639.0
F01,AE1,0.1597,838.7,1785.7
F01,UW1,0.0399,319.5,1773.0
F01,IY1,0.1197,362.1,2593.7
F01,IY1,0.0699,384.5,2475.2
F01,IY1,0.1198,330.0,2559.0
F01,IY1,0.1098,371.2,2419.7
F01,UW1,0.0599,428.5,1712.2
F01,AE1,0.2195,787.7,1974.0
F01,AE1,0.0798,728.7,1730.4
F01,IY1,0.1097,367.9,2362.1
F01,AA1,0.1597,767.3,1601.6
F01,UW1,0.1397,373.1,1523.5
F01,AE1,0.0998,572.8,1652.8
F01,UW1,0.0898,323.4,1940.5
F01,AE1,0.0698,749.4,1612.2
F01,AA1,0.0798,535.8,1419.6
F01,AE1,0.1097,784.0,1676.3
F01,AA1,0.1297,728.0,1196.2
F01,AE1,0.0998,880.9,1691.2
F01,AE1,0.1097,690.8,1690.1
F01,UW1,0.0699,402.0,1951.1
F01,IY1,0.0998,371.9,2614.3
F01,AA1,0.0998,709.8,1493.4
F01,UW1,0.0898,345.3,1871.9
F01,AE1,0.1396,755.3,1647.3
F01,IY1,0.1497,468.7,2530.3
F01,IY1,0.1098,275.2,2642.8
F01,AA1,0.1197,668.6,1493.6
F01,UW1,0.0998,349.2,1546.5
F01,AE1,0.1297,769.3,1809.7
F01,UW1,0.0898,331.2,1454.0
F01,IY1,0.1397,349.2,2683.4
F01,UW1,0.03,317.5,1952.7
F01,UW1,0.0598,443.7,1408.3
F01,IY1,0.0599,340.8,2614.5
F01,AE1,0.0698,626.5,1679.3
F01,AE1,0.1197,922.9,1512.9
F01,AE1,0.0798,785.9,1892.6
F01,AA1,0.1298,741.9,1242.6
F01,UW1,0.0898,484.8,1239.8
F01,AA1,0.1496,604.7,1436.6
F01,IY1,0.1016,348.6,2799.7
F01,AE1,0.1297,810.6,1733.2
F01,AE1,0.0599,725.5,1654.3
F01,UW1,0.0798,326.9,1873.9
F01,IY1,0.0898,406.5,2262.7
F01,AE1,0.1297,756.5,2087.2
F01,AA1,0.1497,730.8,1328.6
F01,UW1,0.0399,357.0,2070.0
F01,AA1,0.1596,710.9,1543.2
F01,AE1,0.1097,889.1,1735.5
F01,IY1,0.1197,356.9,2507.7
F01,AE1,0.1696,836.6,1769.7
F01,UW1,0.0599,326.6,1678.5
F01,AE1,0.1396,889.6,1916.6
F01,AE1,0.0698,700.8,1891.0
F01,UW1,0.1697,357.3,1351.4
F01,IY1,0.1097,381.4,2631.3
F01,IY1,0.1198,341.2,2169.2
F01,UW1,0.1397,363.0,1828.6
F01,IY1,0.1297,355.4,2514.1
F01,IY1,0.1297,388.9,2795.4
F01,AE1,0.1496,871.2,1736.0
F01,IY1,0.0798,340.9,2628.1
F01,AE1,0.1496,837.2,1778.3
F01,UW1,0.0898,378.4,1523.3
F01,UW1,0.0499,358.3,1996.6
F01,IY1,0.1996,446.7,2695.8
F01,IY1,0.1297,365.0,2844.8
F01,AA1,0.0599,685.8,1304.3
F01,UW1,0.1496,368.2,1618.2
F01,IY1,0.1098,337.8,2400.8
F01,UW1,0.0399,404.6,1733.4
F01,IY1,0.0698,345.9,2510.0
F01,UW1,0.0698,429.9,1922.4
F01,AE1,0.1297,707.5,1916.5
F01,UW1,0.2095,408.0,2064.3
F01,IY1,0.1098,336.9,2567.3
F01,AE1,0.1097,749.6,1916.3
F01,UW1,0.0599,292.9,1351.8
F01,AA1,0.1197,762.4,1331.1
F01,UW1,0.0598,391.9,1826.0
F01,AA1,0.2395,710.9,1256.5
F01,AE1,0.0599,664.5,1680.9
F01,IY1,0.0798,340.3,2473.3
F01,IY1,0.0898,451.1,2510.2
F01,AA1,0.1197,738.7,1493.3
F01,IY1,0.1397,323.2,2846.1
F01,AE1,0.0598,923.0,1759.6
F01,IY1,0.0698,353.7,2593.2
F01,AE1,0.1397,944.4,1722.8
F01,AE1,0.0698,845.4,1794.3
F01,AA1,0.1497,666.9,1363.8
F01,IY1,0.0698,428.9,2396.0
F01,IY1,0.1197,337.3,2367.0
F01,IY1,0.0998,405.7,2490.4
F01,IY1,0.1496,334.5,2294.1
F01,IY1,0.1297,373.0,2389.5
F01,AE1,0.1097,811.4,1646.0
F01,AA1,0.1197,634.1,1486.6
F01,AE1,0.0699,725.1,1560.3
F01,UW1,0.0498,361.0,1660.4
F01,IY1,0.0498,410.7,2468.8
F01,AE1,0.0898,565.4,1791.8
F01,AE1,0.0997,799.8,1760.0
F01,AE1,0.1198,823.5,1792.8
F01,AA1,0.1097,765.5,1540.2
F01,IY1,0.0997,326.1,2636.2
F01,AE1,0.0798,667.2,1703.5
F01,IY1,0.0898,355.2,2548.7
F01,IY1,0.0898,365.1,2506.0
F01,IY1,0.1197,350.6,2650.3
F01,IY1,0.1098,360.7,2381.6
F01,IY1,0.0798,368.2,2509.7
F01,AE1,0.1098,737.6,1664.0
F01,IY1,0.1097,412.7,2419.7
F01,IY1,0.1297,387.4,2725.5
F01,AE1,0.1198,711.6,1789.4
F01,AA1,0.1596,682.2,1237.8
F01,IY1,0.1298,384.4,2481.6
F01,AE1,0.1896,805.5,1830.7
F01,UW1,0.1198,356.6,1886.7
F01,AA1,0.1197,661.9,1190.4
F01,AA1,0.1297,817.8,1386.9
F01,AE1,0.1197,867.4,1692.9
F01,IY1,0.0399,280.6,2439.4
F01,IY1,0.1197,331.8,2478.7
F01,IY1,0.0698,460.4,2401.6
F01,AE1,0.0798,755.3,1720.7
F01,UW1,0.03,412.4,1209.2
F01,IY1,0.0898,398.2,2458.9
F01,AE1,0.1696,715.7,1778.2
F01,IY1,0.1596,385.7,2678.3
F01,AE1,0.0599,824.2,1810.9
F01,UW1,0.0798,385.8,1568.9
F01,IY1,0.1097,345.2,2618.1
F01,IY1,0.1397,401.1,2792.0
F01,AE1,0.0798,806.2,1723.9
F01,UW1,0.0499,391.3,1773.0
F01,AE1,0.0998,777.5,1937.6
F01,AE1,0.0798,872.1,1899.3
F01,UW1,0.0399,376.8,1436.3
F01,AE1,0.0799,847.2,1741.6
F01,AA1,0.1497,728.6,1541.2
F01,UW1,0.1197,384.4,1605.1
F01,IY1,0.1397,356.7,2601.7
F01,UW1,0.1796,351.5,1607.7
F01,AE1,0.1098,816.7,1680.2
F01,UW1,0.1597,442.8,1645.7
F01,UW1,0.0698,352.9,1882.4
F01,IY1,0.0966,330.8,2641.2
F01,IY1,0.0799,423.3,2237.3
F01,AE1,0.0998,745.7,1644.8
F01,UW1,0.1197,321.1,1511.1
F01,UW1,0.0598,327.8,1696.5
F01,IY1,0.1098,330.1,2526.2
F01,AE1,0.0499,632.8,1699.2
F01,AA1,0.1297,764.4,1362.9
F01,UW1,0.1496,497.1,1774.3
F01,IY1,0.1396,329.6,2804.8
F01,IY1,0.1297,315.2,2698.7
F01,UW1,0.0598,374.8,1533.3
F01,AE1,0.2095,836.0,1659.5
F01,IY1,0.1895,328.0,2493.0
F01,AE1,0.1097,906.1,1876.9
F01,AE1,0.0998,813.3,1857.2
F01,IY1,0.0998,407.6,2473.2
F01,UW1,0.0898,317.7,1718.1
F01,AE1,0.1497,833.2,1781.1
F01,UW1,0.0898,411.9,1325.7
F01,IY1,0.0499,360.4,2365.2
F01,UW1,0.0599,306.1,1765.0
F01,IY1,0.1197,340.2,2677.3
F01,UW1,0.0798,316.1,1470.1
F01,IY1,0.1597,364.5,2326.7
F01,AA1,0.2095,703.2,1124.1
F01,IY1,0.1497,303.1,2584.2
F01,AE1,0.1796,791.1,1761.3
F01,IY1,0.1297,372.9,2673.9
F01,AA1,0.1796,789.3,1457.2
F01,IY1,0.0699,342.8,2503.7
F01,UW1,0.0699,333.9,1933.9
F01,AE1,0.0798,820.6,1850.7
F01,IY1,0.1896,346.0,2656.1
F01,AE1,0.1596,776.0,1914.3
F01,AE1,0.1297,739.3,1775.4
F01,AE1,0.0799,626.5,1941.3
F01,IY1,0.1098,352.0,2637.6
F01,AA1,0.1596,712.2,1470.9
F01,IY1,0.1696,452.9,2505.8
F01,IY1,0.0898,346.2,2370.5
F01,AA1,0.0898,691.0,1198.4
F01,IY1,0.1397,327.8,2734.5
F01,IY1,0.1098,294.5,2506.9
F01,AE1,0.0699,764.4,1688.6
F01,AE1,0.1197,783.6,1768.8
F01,AE1,0.2096,808.9,1843.2
F01,AA1,0.1497,778.6,1637.3
F01,AE1,0.1197,724.7,1595.7
F01,AA1,0.0699,675.8,1600.6
F01,IY1,0.0499,324.4,2508.4
F01,AE1,0.1297,783.6,1879.4
F01,AE1,0.0598,831.3,1836.3
F01,AE1,0.1496,801.9,1781.2
F01,IY1,0.1098,391.5,2515.0
F01,AE1,0.1297,916.9,1661.7
F01,AA1,0.1597,525.3,1510.3
F01,IY1,0.1996,350.2,2619.1
F01,AA1,0.1396,961.1,1641.8
F01,AE1,0.0399,795.2,1732.1
F01,AE1,0.1297,803.9,1658.5
F01,IY1,0.1098,299.3,2713.2
F01,UW1,0.0898,454.5,1478.6
F01,UW1,0.1596,327.7,1328.9
F01,IY1,0.2095,322.0,2501.2
F01,AA1,0.1597,687.2,1475.4
F01,UW1,0.0699,457.6,1299.2
F01,IY1,0.1597,351.2,2715.7
F01,AE1,0.1197,1065.6,1799.5
F01,AE1,0.1496,848.6,1669.6
F01,UW1,0.0798,374.2,1510.0
F01,IY1,0.0898,374.8,2591.0
F01,IY1,0.0599,393.1,2408.0
F01,AA1,0.1796,785.1,1679.6
F01,AE1,0.1098,784.6,1809.8
F01,IY1,0.0898,425.2,2282.2
F01,IY1,0.1297,326.7,2554.3
F01,AE1,0.1896,841.4,1839.7
F01,UW1,0.0498,368.6,1633.2
F01,AE1,0.1197,994.5,1698.0
F01,AE1,0.1496,841.1,1827.9
F01,UW1,0.1796,468.6,1486.5
F01,AA1,0.1097,818.5,1522.8
F01,IY1,0.1098,367.8,2488.0
F01,AE1,0.1197,767.2,1738.8
F01,IY1,0.0798,392.1,2501.0
F01,IY1,0.0798,395.2,2403.0
F01,UW1,0.0599,319.2,1583.5
F01,IY1,0.1496,409.6,2673.7
F01,AE1,0.1297,823.6,1768.2
F01,AE1,0.1197,890.0,1511.6
F01,IY1,0.0799,424.8,2614.4
F01,IY1,0.1497,342.0,2539.7
F01,UW1,0.0399,327.9,1262.7
F01,AE1,0.0898,796.5,1561.9
F01,IY1,0.1297,358.3,2309.5
F01,IY1,0.0698,307.7,2626.5
F01,AE1,0.1596,780.0,1870.7
F01,IY1,0.0798,360.7,2650.6
F01,IY1,0.1198,373.7,2497.9
F01,UW1,0.1995,400.8,1841.5
F01,IY1,0.0898,296.0,2507.5
F01,UW1,0.0399,327.4,1658.6
M01,UW1,0.0499,418.0,1686.6
M01,UW1,0.1397,381.7,1160.0
M01,UW1,0.1197,419.4,1829.8
M01,UW1,0.1696,392.3,1269.3
M01,UW1,0.1097,364.3,1239.4
M01,IY1,0.1297,322.7,2274.8
M01,UW1,0.1098,336.9,1104.5
M01,AE1,0.1297,716.1,1523.0
M01,UW1,0.1097,386.4,1402.2
M01,IY1,0.1297,326.6,2279.5
M01,UW1,0.1097,341.0,1015.7
M01,AE1,0.1397,728.9,1538.3
M01,IY1,0.1396,326.4,2433.2
M01,IY1,0.1497,335.4,2421.0
M01,IY1,0.1297,297.6,2259.0
M01,IY1,0.1497,288.5,2319.1
M01,UW1,0.1097,384.4,1819.5
M01,UW1,0.0998,343.4,1784.3
M01,AA1,0.1796,694.2,1165.4
M01,AA1,0.1796,719.8,1197.1
M01,AA1,0.1796,681.6,1118.2
M01,AA1,0.1297,776.1,1266.3
M01,AA1,0.2295,694.4,1122.0
M01,AA1,0.1596,743.8,1247.2
M01,AA1,0.1397,695.4,1253.6
M01,AA1,0.1497,730.6,1233.6
M01,UW1,0.0599,344.9,1663.4
M01,AE1,0.1397,738.9,1684.3
M01,UW1,0.0699,348.2,1801.3
M01,AE1,0.1297,726.6,1612.1
M01,UW1,0.0998,368.9,1621.9
M01,UW1,0.2096,272.7,1857.0
M01,AA1,0.0599,627.7,994.3
M01,AE1,0.1497,707.9,1637.3
M01,IY1,0.1896,337.7,2395.0
M01,AE1,0.1496,677.0,1539.2
M01,UW1,0.0399,379.1,1859.0
M01,IY1,0.1796,323.3,2104.4
M01,AA1,0.1397,643.3,1155.6
M01,IY1,0.1596,329.5,2412.5
M01,AE1,0.1197,710.6,1537.4
M01,IY1,0.1197,366.5,2345.1
M01,AA1,0.1596,729.1,1277.8
M01,IY1,0.1597,328.0,2435.1
M01,IY1,0.1397,307.3,2387.3
M01,IY1,0.1896,279.3,2617.2
M01,IY1,0.1197,303.6,2500.2
M01,AA1,0.1497,659.7,1167.3
M01,AA1,0.1197,703.9,1207.6
M01,IY1,0.2195,281.3,2392.3
M01,UW1,0.1397,333.2,1269.0
M01,UW1,0.1297,340.2,1289.0
M01,UW1,0.0898,345.4,1505.9
M01,UW1,0.0399,380.4,1853.1
M01,UW1,0.0599,346.1,1800.8
M01,UW1,0.1596,321.5,1487.0
M01,UW1,0.0998,365.6,1226.2
M01,UW1,0.1896,391.6,1438.7
M01,UW1,0.0998,342.1,1183.5
M01,UW1,0.0399,350.6,1803.9
M01,UW1,0.0399,347.4,1825.6
M01,AE1,0.1796,750.5,1508.5
M01,AE1,0.2395,718.2,1554.1
M01,AE1,0.1696,718.5,1711.6
M01,AE1,0.1796,718.3,1697.8
M01,UW1,0.04,366.3,1804.8
M01,UW1,0.03,329.7,1541.3
M01,AE1,0.1795,756.3,1615.4
M01,AE1,0.1596,772.7,1583.7
M01,AE1,0.1796,756.0,1805.9
M01,AE1,0.1597,729.1,1767.3
M01,IY1,0.0998,385.4,2252.9
M01,IY1,0.0998,426.5,2255.5
M01,AE1,0.0998,617.6,1514.7
M01,AA1,0.1896,633.3,1275.5
M01,UW1,0.0599,357.4,2074.5
M01,UW1,0.0399,388.5,1911.3
M01,AE1,0.0798,607.7,1480.3
M01,AA1,0.1397,729.8,1149.5
M01,AA1,0.1397,749.7,1211.3
M01,IY1,0.1597,330.2,2237.3
M01,IY1,0.1696,334.0,2375.9
M01,AE1,0.1896,762.2,1672.2
M01,AE1,0.1397,744.5,1502.9
M01,UW1,0.0598,448.7,1303.3
M01,UW1,0.03,415.8,2117.3
M01,AE1,0.1996,774.3,1590.1
M01,IY1,0.1397,332.7,2197.6
M01,AE1,0.1795,763.5,1711.7
M01,IY1,0.1597,333.6,2221.9
M01,AA1,0.1696,713.7,1112.8
M01,AA1,0.1895,709.4,1180.0
M01,UW1,0.0598,414.1,1086.3
M01,UW1,0.0499,386.9,1571.1
M01,UW1,0.0499,400.4,1883.7
M01,UW1,0.0499,365.3,1635.2
M01,UW1,0.1896,406.2,1244.2
M01,UW1,0.2195,395.5,1190.4
M01,AE1,0.1397,784.0,1501.0
M01,AE1,0.1197,795.7,1621.9
M01,UW1,0.0499,331.2,1820.2
M01,UW1,0.0399,388.2,1756.9
M01,AE1,0.1197,772.3,1597.5
M01,AE1,0.1297,853.9,1547.0
M01,AA1,0.1197,691.2,1111.6
M01,AA1,0.1197,659.7,1118.3
M01,IY1,0.1197,361.4,2502.5
M01,UW1,0.0499,342.5,1286.8
M01,AE1,0.1696,759.8,1605.8
M01,UW1,0.0499,347.8,1173.5
M01,AE1,0.1397,732.3,1568.0
M01,UW1,0.1297,406.4,1060.7
M01,AA1,0.1397,717.8,1144.3
M01,AA1,0.1497,701.3,1237.6
M01,IY1,0.1397,305.7,2241.9
M01,IY1,0.1397,338.5,2194.7
M01,IY1,0.1098,322.1,2396.6
M01,IY1,0.1098,310.2,2363.8
M01,IY1,0.0898,335.0,2108.4
M01,AA1,0.1895,748.7,1142.7
M01,AA1,0.1696,741.3,1195.7
M01,IY1,0.1097,309.2,2341.8
M01,IY1,0.1496,338.9,2335.4
M01,AE1,0.2294,787.3,1713.2
M01,AE1,0.1696,745.2,1746.7
M01,AE1,0.1796,759.8,1750.4
M01,IY1,0.1497,349.9,2259.2
M01,AE1,0.1596,701.6,1695.6
M01,AE1,0.0698,603.4,1648.2
M01,IY1,0.1596,368.4,2193.1
M01,AE1,0.1297,680.7,1847.6
M01,AE1,0.0798,603.0,1709.8
M01,UW1,0.1098,368.4,1541.0
M01,AE1,0.1397,778.5,1594.1
M01,UW1,0.1197,357.1,1479.7
M01,AE1,0.1995,697.1,1695.9
M01,UW1,0.0898,384.7,1640.9
M01,AE1,0.1796,673.9,1753.4
M01,UW1,0.1097,352.0,1688.5
M01,UW1,0.0998,325.6,1499.4
M01,UW1,0.1297,450.6,1279.7
M01,UW1,0.0898,323.4,1617.9
M01,UW1,0.1098,408.7,1165.4
M01,IY1,0.0599,337.8,2336.2
M01,UW1,0.1197,417.4,1267.0
M01,IY1,0.1597,326.4,2068.3
M01,IY1,0.1496,330.6,2109.5
M01,UW1,0.1297,403.8,1130.8
M01,UW1,0.0997,383.1,1132.9
M01,AA1,0.1197,682.9,1110.0
M01,AA1,0.1098,691.2,1170.3
M01,UW1,0.1397,371.2,1529.4
M01,AA1,0.1297,725.0,1176.8
M01,AA1,0.1496,732.5,1123.6
M01,AE1,0.0798,544.5,1824.2
M01,UW1,0.0599,340.9,1871.1
M01,AA1,0.0998,701.9,1062.3
M01,UW1,0.0499,339.9,1879.7
M01,AA1,0.1097,649.4,1082.2
M01,AE1,0.1036,749.2,1796.9
M01,AA1,0.1527,678.7,1304.0
M01,IY1,0.1144,338.0,2520.1
M01,AE1,0.1098,702.0,1764.8
M01,AA1,0.1896,703.5,1242.8
M01,IY1,0.1696,360.6,2557.8
M01,UW1,0.1397,443.8,1411.4
M01,UW1,0.1197,376.6,1905.0
M01,AE1,0.1696,761.4,1696.4
M01,AE1,0.1596,763.3,1515.4
M01,IY1,0.1397,364.9,2333.9
M01,IY1,0.1297,303.8,2370.4
M01,IY1,0.1696,313.8,2454.5
M01,IY1,0.1696,340.1,2438.1
M01,IY1,0.2195,325.4,2431.1
M01,IY1,0.2096,314.6,2502.0
M01,IY1,0.0698,383.6,2483.1
M01,IY1,0.0898,271.5,2106.3
M01,IY1,0.2195,367.8,2414.7
M01,AA1,0.1696,675.4,1151.8
M01,AA1,0.1896,661.7,1091.3
M01,UW1,0.1197,375.2,1090.8
M01,AE1,0.1795,732.7,1701.8
M01,AA1,0.1397,737.0,1104.4
M01,UW1,0.1796,436.0,1033.0
M01,AE1,0.1795,721.8,1678.9
M01,AA1,0.1198,776.8,1237.9
M01,IY1,0.1596,296.8,2409.3
M01,IY1,0.1397,328.4,2321.1
M01,UW1,0.1197,380.4,1209.5
M01,UW1,0.1198,409.6,1161.4
M01,IY1,0.2195,342.2,2447.8
M01,AE1,0.1397,716.3,1587.7
M01,IY1,0.1996,358.4,2467.7
M01,AE1,0.1497,736.7,1571.9
M01,IY1,0.0699,339.6,2458.1
M01,IY1,0.1297,318.8,2503.7
M01,IY1,0.0898,324.9,2419.9
M01,IY1,0.1298,379.6,2469.0
M01,AE1,0.1995,777.0,1745.3
M01,AE1,0.0898,606.7,1668.9
M01,AE1,0.1596,744.8,1703.1
M01,IY1,0.1197,337.3,2287.0
M01,IY1,0.0499,290.1,2299.0
M01,AA1,0.1297,732.3,1408.9
M01,UW1,0.2295,317.8,1236.0
M01,AA1,0.1198,763.4,1188.5
M01,IY1,0.0998,294.0,2281.0
M01,AE1,0.0998,603.1,1689.1
M01,IY1,0.0998,331.4,2298.7
M01,IY1,0.1596,332.9,2506.1
M01,AE1,0.1297,821.3,1629.5
M01,IY1,0.0599,321.7,2284.5
M01,IY1,0.2693,323.6,2394.0
M01,UW1,0.1796,344.6,1109.2
M01,IY1,0.1597,311.1,2422.0
M01,IY1,0.1696,388.0,2460.0
M01,UW1,0.0699,279.9,2266.7
M01,AA1,0.1397,730.4,1225.2
M01,AE1,0.1796,709.6,1753.4
M01,AA1,0.1197,735.6,1257.4
M01,UW1,0.0599,403.9,1292.7
M01,AE1,0.0699,606.4,1554.9
M01,AA1,0.1397,698.6,1256.0
M01,AA1,0.1996,660.3,1047.1
M01,AA1,0.0698,732.4,1180.6
M01,AE1,0.1397,776.7,1637.2
M01,AE1,0.1197,754.4,1421.2
M01,IY1,0.1098,319.1,2399.5
M01,IY1,0.1297,333.6,2501.1
M01,IY1,0.1197,329.8,2580.7
M01,UW1,0.0699,407.2,1739.4
M01,UW1,0.0898,347.4,1450.6
M01,AE1,0.1097,598.2,1708.9
M01,AA1,0.1397,757.1,1247.6
M01,UW1,0.1697,331.0,1323.4
M01,AE1,0.0399,583.1,1411.6
M01,UW1,0.0599,388.8,1785.7
M01,IY1,0.1397,310.7,2305.3
M01,IY1,0.0598,356.6,2196.8
M01,IY1,0.1298,392.7,2496.5
M01,AE1,0.0798,756.7,1764.1
M01,AE1,0.1596,773.8,1709.4
M01,AE1,0.1297,691.2,1739.5
M01,UW1,0.1697,384.6,1304.9
M01,UW1,0.0599,412.8,1305.3
M01,AE1,0.2195,761.2,1693.2
M01,AE1,0.2495,745.3,1655.3
M01,UW1,0.0698,372.5,1622.4
M01,AA1,0.1796,659.0,1294.0
M01,AE1,0.1197,733.1,1444.8
M01,IY1,0.1597,296.3,2353.1
M01,AE1,0.0998,631.7,1607.5
M01,UW1,0.1895,429.2,1158.1
M01,AA1,0.1496,693.6,1329.5
M01,IY1,0.1497,332.2,2341.4
M01,UW1,0.1297,372.3,1395.8
M01,AE1,0.0898,588.9,1885.0
M01,AE1,0.1297,794.3,1476.1
M01,IY1,0.0698,317.8,2289.7
M01,UW1,0.0799,479.2,1067.2
M01,AE1,0.1397,720.8,1552.5
M01,AA1,0.0698,690.9,1133.2
M01,IY1,0.0798,322.8,2336.3
M01,AA1,0.1396,739.8,1136.2
M01,IY1,0.0997,323.5,2331.8
M01,AE1,0.1796,814.0,1425.5
M01,AA1,0.1597,737.3,1227.8
M01,IY1,0.1397,325.0,2422.4
M01,UW1,0.0598,323.7,1675.4
M01,AA1,0.1995,705.6,1142.7
M01,AE1,0.1198,746.1,1755.1
M01,UW1,0.0898,382.7,1100.9
M01,AE1,0.0998,691.9,1706.7
M01,AE1,0.2395,793.0,1517.8
M01,AE1,0.1397,799.4,1830.6
M01,UW1,0.0399,334.6,1841.7
M01,AE1,0.1197,687.4,1724.8
M01,AA1,0.1796,709.7,1175.4
M01,UW1,0.0998,371.8,1169.0
M01,AE1,0.1097,776.8,1526.6
M01,AA1,0.1197,653.4,1128.6
M01,IY1,0.1198,344.9,2242.3
M01,AE1,0.0499,531.5,1803.1
M01,UW1,0.1097,395.8,1338.9
M01,UW1,0.1297,386.2,1466.8
M01,AE1,0.1397,655.3,1679.5
M01,IY1,0.0898,383.8,2367.7
M01,AE1,0.1496,674.4,1738.5
M01,AE1,0.0599,646.7,1630.5
M01,AA1,0.1896,663.7,1229.2
M01,AE1,0.1895,722.4,1630.3
M01,UW1,0.1097,368.2,1196.5
M01,UW1,0.1097,371.0,1101.3
M01,AE1,0.1197,587.0,1753.6
M01,AE1,0.1297,706.2,1615.8
M01,AE1,0.1995,791.9,1516.2
M01,UW1,0.0498,335.9,1854.0
M01,UW1,0.04,421.7,921.6
M01,IY1,0.1796,299.7,2321.5
M01,AE1,0.1696,750.1,1798.6
M01,AE1,0.2095,710.0,1708.5
M01,AE1,0.1497,763.2,1426.9
M01,AE1,0.1097,719.8,1769.5
M01,AE1,0.1097,670.7,1462.4
M01,AE1,0.1796,743.3,1865.7
M01,IY1,0.1796,363.1,2356.4
M01,AE1,0.2095,746.2,1650.7
M01,IY1,0.1098,330.3,2289.3
M01,AE1,0.1896,711.9,1732.7
M01,AE1,0.0799,751.8,1543.8
M01,AE1,0.0997,716.0,1631.1
M01,AA1,0.2195,692.6,1243.2
M01,AE1,0.2096,672.0,1775.9
M01,UW1,0.0598,367.6,1940.2
M01,IY1,0.1795,372.4,2461.0
M01,UW1,0.0799,339.1,1469.4
M01,AE1,0.0998,752.5,1619.4
M01,AE1,0.1197,818.7,1873.0
M01,IY1,0.1297,329.3,2320.3
M01,AA1,0.1696,716.4,1105.4
M01,AE1,0.1297,717.8,1706.5
M01,IY1,0.1197,376.2,2471.4
M01,UW1,0.0499,341.3,1779.4
M01,AA1,0.1697,726.0,1149.2
M01,AE1,0.1496,733.5,1632.0
M01,UW1,0.0399,314.8,1684.0
M01,AE1,0.1697,661.1,1618.8
M01,AE1,0.1596,786.4,1465.1
M01,AE1,0.0798,687.2,1641.7
M01,UW1,0.1197,319.5,1736.8
M01,IY1,0.1297,398.4,2325.3
M01,AA1,0.1696,704.8,1138.9
M01,AE1,0.1097,711.5,1644.7
M01,UW1,0.0699,385.8,1739.9
M01,IY1,0.0898,341.8,2064.0
M01,UW1,0.1097,353.7,1270.0
M01,AE1,0.0798,726.6,1505.0
M01,AA1,0.1696,697.5,1136.0
M01,AA1,0.0898,658.3,1028.0
M01,AE1,0.0698,604.2,1523.5
M01,AE1,0.1796,748.9,1537.0
M01,IY1,0.1597,330.2,2328.4
M01,IY1,0.1197,361.2,2440.0
M01,AE1,0.1996,750.7,1638.6
M01,IY1,0.1197,344.9,2332.0
M01,UW1,0.1696,493.6,1671.5
M01,UW1,0.2594,351.2,1204.3
M01,AA1,0.1297,705.2,1105.3
M01,IY1,0.091,375.1,2125.0
M01,AE1,0.0798,656.7,1565.2
M01,UW1,0.0399,369.7,1639.7
M01,AE1,0.0798,583.6,1568.4
M01,AA1,0.1596,716.7,1158.9
M01,UW1,0.2096,374.6,1104.0
M01,AE1,0.1596,648.7,1493.9
M01,IY1,0.1497,352.3,2381.9
M01,AA1,0.1596,708.9,1127.8
M01,UW1,0.1297,388.1,1256.0
M01,AE1,0.1497,630.9,1549.1
M01,IY1,0.1197,390.9,2472.4
M01,UW1,0.0599,379.5,1405.9
M01,IY1,0.1297,370.4,2614.2
M01,AA1,0.0499,638.6,1012.5
M01,IY1,0.1996,350.0,2415.6
M01,AE1,0.2195,744.0,1642.6
M01,UW1,0.0699,351.9,976.4
M01,AA1,0.1796,769.1,1104.3
M01,AE1,0.1995,791.4,1562.7
M01,AA1,0.1796,705.8,1208.3
M01,AE1,0.0698,589.2,1697.7
M01,IY1,0.1297,361.8,2290.5
M01,UW1,0.1796,342.8,1361.1
M01,AE1,0.1496,713.0,1703.5
M01,UW1,0.0399,372.1,1835.4
M01,AE1,0.1197,784.4,1509.9
M01,AE1,0.1098,764.3,1592.7
M01,AA1,0.1597,636.2,1190.9
M01,IY1,0.0698,324.3,2126.1
M01,IY1,0.1197,349.4,2303.1
M01,IY1,0.1496,403.0,2299.8
M01,AA1,0.1596,618.6,1186.0
M01,AE1,0.1895,723.7,1632.5
M01,AA1,0.1297,646.2,1103.6
M01,AE1,0.1097,737.7,1444.0
M01,IY1,0.1197,424.7,2389.1
M01,AE1,0.2494,763.1,1743.1
M01,UW1,0.1198,473.5,1062.5
M01,IY1,0.0699,360.0,2183.2
M01,IY1,0.1697,436.4,2288.5
M01,IY1,0.0998,349.2,2311.8
M01,UW1,0.0399,447.8,1142.5
M01,AE1,0.0898,742.8,1640.6
M01,IY1,0.1696,419.7,2426.9
M01,IY1,0.0955,323.2,2300.6
M01,AE1,0.1197,769.5,1422.1
M01,AE1,0.1397,791.4,1635.7
M01,UW1,0.04,405.1,1612.8
M01,IY1,0.1297,318.1,2438.0
M01,AE1,0.0598,722.1,1519.7
M01,IY1,0.0498,333.6,2404.6
M01,AE1,0.1097,652.8,1644.2
M01,IY1,0.1197,419.4,2280.7
M01,AA1,0.0698,661.5,1045.1
M01,UW1,0.0598,374.2,1806.3
M01,IY1,0.0997,336.4,2546.5
M01,UW1,0.0997,394.6,1697.9
M01,IY1,0.1396,365.1,2324.8
M01,IY1,0.1497,308.3,2427.9
M01,UW1,0.0798,334.2,1809.7
M01,AA1,0.1098,718.0,1116.3
M01,AE1,0.1597,738.9,1696.2
M01,IY1,0.1796,373.5,2477.7
M01,AE1,0.0998,740.5,1699.8
M01,UW1,0.1397,393.6,1086.8
M01,AE1,0.1197,694.0,1779.0
M01,UW1,0.0799,404.5,1818.6
M01,UW1,0.1795,399.5,1487.0
M01,AA1,0.1696,639.3,1139.3
M01,UW1,0.1597,478.6,1947.6
M01,AE1,0.0898,622.6,1578.9
M01,AE1,0.1297,734.1,1695.8
M01,IY1,0.1097,348.3,2119.8
M01,AE1,0.1198,684.3,1539.5
M01,IY1,0.1397,372.4,2348.3
M01,IY1,0.1596,355.6,2305.9
M01,IY1,0.0898,387.5,2298.1
M01,IY1,0.1796,362.6,2360.7
M01,AE1,0.1596,666.4,1653.8
M01,IY1,0.1198,391.7,2520.3
M01,UW1,0.03,347.2,2029.0
M01,AA1,0.1696,675.1,1162.1
M01,IY1,0.0699,354.4,2113.8
M01,IY1,0.1996,350.4,2374.1
M01,AE1,0.2394,742.6,1602.3
M01,IY1,0.1696,338.7,2391.4
M01,AA1,0.1297,665.6,1263.2
M01,IY1,0.1198,374.7,2437.6
M01,IY1,0.1896,373.3,2264.4
M01,AA1,0.0799,696.4,1168.0
M01,IY1,0.1796,349.8,2306.1
M01,AA1,0.2195,689.4,1143.8
M01,UW1,0.1097,328.5,1762.4
M01,AE1,0.1596,772.5,1758.4
M01,IY1,0.1696,355.5,2327.7
M01,IY1,0.0998,375.1,2389.5
M01,AE1,0.1496,662.0,1716.3
M01,AE1,0.1796,732.3,1616.7
M01,AE1,0.1297,694.0,1527.5
M01,UW1,0.1497,385.8,1332.1
M01,IY1,0.2195,365.3,2398.7
M01,UW1,0.0997,335.7,1906.4
M01,AA1,0.1497,679.5,1093.5
M01,AA1,0.1596,721.8,1157.1
M01,IY1,0.1297,337.8,2238.4
M01,IY1,0.1297,371.8,2539.8
M01,UW1,0.1197,378.0,1826.4
M01,IY1,0.1996,365.7,2432.8
M01,IY1,0.1995,321.2,2512.0
M01,UW1,0.0699,372.9,1542.8
M01,IY1,0.1397,332.0,2453.4
M01,AA1,0.1197,694.0,1264.2
M01,AA1,0.1696,690.9,1186.8
M01,IY1,0.1597,363.8,2351.6
M01,AE1,0.1097,586.5,1716.2
M01,UW1,0.0998,331.0,1978.9
M01,IY1,0.1397,350.0,2497.1
M01,AE1,0.1397,686.9,1553.8
M01,AE1,0.1197,686.8,1548.9
M01,UW1,0.0599,375.7,1733.8
M01,UW1,0.1297,408.0,1576.3
M01,AE1,0.1197,733.1,1706.3
M01,UW1,0.1597,349.5,1698.9
M01,IY1,0.1796,364.8,2511.9
M01,IY1,0.0699,333.7,2326.7
M01,IY1,0.1896,314.7,2501.2
M01,IY1,0.0699,372.4,2111.4
M01,AE1,0.1995,775.7,1705.8
M01,AE1,0.2395,755.5,1738.0
M01,IY1,0.1297,349.3,2480.8
M01,IY1,0.1097,467.5,2279.4
M01,UW1,0.0399,360.2,1373.8
M01,AE1,0.0599,724.0,1583.3
M01,AE1,0.0799,758.2,1483.2
M01,AE1,0.1496,707.8,1543.0
M01,AE1,0.1397,673.0,1801.9
M01,IY1,0.2793,325.1,2514.3
M01,AA1,0.1796,619.8,1238.0
M01,IY1,0.1197,367.3,2515.5
M01,AE1,0.1397,649.7,1722.0
M01,IY1,0.1297,317.4,2406.0
M01,IY1,0.1397,300.8,2297.5
M01,IY1,0.0599,344.2,2059.9
M01,IY1,0.1097,382.4,2335.3
M01,AE1,0.1648,684.2,1684.3
M01,AE1,0.0898,645.1,1435.7
M01,IY1,0.1097,356.7,2279.0
M01,AA1,0.1996,747.2,1128.8
M01,UW1,0.2295,429.1,1436.4
M01,AE1,0.0698,591.5,1514.3
M01,UW1,0.1396,284.7,1908.6
M01,AE1,0.1597,767.5,1747.9
M01,AE1,0.0799,733.0,1484.1
M01,UW1,0.0699,371.8,1546.8
M01,AA1,0.1596,703.2,1238.7
M01,AA1,0.1497,679.9,1145.9
M01,IY1,0.0799,359.7,2318.5
M01,AE1,0.1198,733.2,1491.0
M01,AE1,0.1497,726.2,1688.5
M01,UW1,0.0399,373.5,1601.6
M01,IY1,0.1496,365.9,2506.9
M01,AA1,0.0699,623.7,972.4
M01,UW1,0.2494,426.8,1995.6
M01,IY1,0.1098,346.7,2528.9
M01,IY1,0.1497,322.2,2543.7
M01,AA1,0.1796,692.5,1138.9
M01,UW1,0.0698,367.1,1516.6
M01,AE1,0.1796,673.7,1663.8
M01,IY1,0.1497,318.5,2444.6
M01,AA1,0.1696,843.4,1231.8
M01,IY1,0.0799,349.3,2394.8
M01,AE1,0.1198,650.7,1648.3
M01,UW1,0.0698,370.5,2228.2
M01,AE1,0.1097,739.0,1487.0
M01,AE1,0.0598,612.5,1831.3
M01,AA1,0.1696,706.6,1122.0
M01,UW1,0.0699,369.2,1083.9
M01,AA1,0.1996,799.3,1154.7
M01,IY1,0.0399,399.0,2141.0
M01,AE1,0.0997,654.8,1483.0
M01,AE1,0.1297,658.6,1807.7
M01,AA1,0.1098,645.4,1355.2
M01,AE1,0.1497,807.8,1472.3
M01,IY1,0.1297,330.9,2532.6
M01,IY1,0.0798,377.2,2333.8
M01,UW1,0.0599,367.8,1484.0
M01,AE1,0.1297,770.0,1548.7
M01,AE1,0.0798,634.1,1729.3
M01,UW1,0.1297,348.9,1429.2
M01,IY1,0.1996,316.1,2507.7
M01,UW1,0.1297,351.3,1786.0
M01,IY1,0.0898,343.9,2302.0
M01,IY1,0.1397,341.3,2311.5
M01,IY1,0.1098,335.1,2442.2
M01,AE1,0.1696,663.6,1656.0
M01,UW1,0.1197,321.6,1061.8
M01,IY1,0.1297,376.6,2375.1
M01,IY1,0.1497,283.3,2685.4
M01,UW1,0.1597,370.6,1657.0
M01,IY1,0.0898,347.0,2047.4
M01,IY1,0.0998,322.8,2204.2
M01,AE1,0.1396,730.4,1710.3
M01,UW1,0.1098,371.7,1511.0
M01,AE1,0.1397,655.2,1759.6
M01,UW1,0.1197,466.4,1537.7
M01,IY1,0.1197,359.9,2593.7
M01,AE1,0.1297,706.2,1861.6
M01,UW1,0.1397,379.0,1914.7
M01,AA1,0.1796,672.6,1176.8
M01,UW1,0.0898,381.7,1871.1
M01,AA1,0.2494,633.1,1112.2
M01,IY1,0.0798,389.0,2579.3
M01,IY1,0.0798,355.4,2434.4
M01,IY1,0.0499,413.3,2386.2
M01,IY1,0.0698,337.5,2292.9
M01,AA1,0.1496,685.9,1138.7
M01,AE1,0.1297,716.8,1728.2
M01,AE1,0.1098,570.9,1616.5
M01,IY1,0.1297,322.7,2341.7
M01,AE1,0.1596,736.4,1657.3
M01,AE1,0.1297,701.6,1702.3
M01,AA1,0.2096,644.8,1082.7
M01,IY1,0.1497,357.3,2350.4
M01,IY1,0.1197,331.8,2027.4
M01,IY1,0.1297,334.6,2415.0
M01,IY1,0.1197,345.6,2466.1
M01,AE1,0.1198,701.3,1560.1
M01,AE1,0.1696,781.4,1521.7
M01,AA1,0.1098,612.1,1076.2
M01,AE1,0.04,743.7,1592.5
M01,IY1,0.0699,306.5,2241.0
M01,AE1,0.0698,524.9,1550.4
M01,AE1,0.0698,673.3,1460.1
M01,AE1,0.0898,564.4,1473.1
M01,AA1,0.1696,720.9,1386.1
M01,IY1,0.1197,309.1,2385.4
M01,AE1,0.0898,668.2,1589.6
M01,IY1,0.1297,363.7,2545.8
M01,IY1,0.1396,333.0,2159.9
M01,IY1,0.0798,309.0,2201.2
M01,IY1,0.0698,409.3,2261.6
M01,AE1,0.1397,726.9,1499.2
M01,AA1,0.1896,728.5,1126.2
M01,IY1,0.1896,295.4,2480.0
M01,AE1,0.0998,655.8,1812.1
M01,AA1,0.2095,666.5,1233.2
M01,IY1,0.1097,333.6,2157.1
M01,AE1,0.2195,699.5,1743.5
M01,AE1,0.1197,712.7,1723.7
M01,AA1,0.1596,611.1,1104.9
M01,AA1,0.1497,709.7,1213.3
M01,AE1,0.1597,768.3,1528.6
M01,IY1,0.0598,341.4,2315.2
M01,IY1,0.1497,332.7,2404.8
M01,IY1,0.0399,364.4,2422.9
M01,AE1,0.0698,539.3,1579.6
M01,UW1,0.0399,443.1,1236.5
M01,IY1,0.1397,340.3,2283.6
M01,AE1,0.1397,697.7,1682.8
M01,IY1,0.1696,295.8,2474.3
M01,AE1,0.0799,761.5,1744.4
M01,AA1,0.1696,749.5,1108.7
M01,UW1,0.0998,371.5,1455.1
M01,IY1,0.0399,334.2,2159.8
M01,IY1,0.1597,331.3,2388.2
M01,IY1,0.1197,331.3,2428.2
M01,AE1,0.0898,721.3,1421.0
M01,UW1,0.0399,384.0,1999.4
M01,IY1,0.1197,341.5,2237.5
M01,AE1,0.1497,618.0,1802.8
M01,AE1,0.1097,731.9,1768.7
M01,AE1,0.1995,757.5,1723.5
M01,UW1,0.0599,364.2,1390.7
M01,AA1,0.2096,662.5,1125.8
M01,AE1,0.1297,742.7,1463.9
M01,UW1,0.1397,398.6,1260.6
M01,IY1,0.0997,372.0,2344.5
M01,UW1,0.1497,370.7,1722.4
M01,AE1,0.1297,744.1,1726.2
M01,UW1,0.1397,410.0,1694.8
M01,UW1,0.0998,418.2,1697.7
M01,IY1,0.0798,353.3,2415.3
M01,IY1,0.0998,381.0,2585.4
M01,AE1,0.0998,680.0,1578.4
M01,UW1,0.1796,349.4,1837.5
M01,UW1,0.0898,357.8,1793.5
M01,IY1,0.1795,386.3,2086.5
M01,UW1,0.0399,446.1,926.5
M01,AA1,0.2394,765.6,1128.6
M01,UW1,0.0499,317.5,1880.4
M01,UW1,0.1895,400.2,1787.3
M01,IY1,0.0984,342.6,2367.7
M01,IY1,0.149,404.5,2376.6
M01,UW1,0.0798,412.3,1361.3
M01,AE1,0.2095,799.1,1660.3
M01,IY1,0.1497,336.2,2654.3
M01,AE1,0.1297,778.7,1803.5
M01,AE1,0.1197,824.6,1788.0
M01,AE1,0.1198,814.1,1721.4
M01,IY1,0.0898,339.1,2480.3
M01,UW1,0.0998,339.5,1389.9
M01,AE1,0.1397,739.3,1849.5
M01,UW1,0.1098,367.2,1079.7
M01,IY1,0.0598,346.7,2531.6
M01,AE1,0.0998,801.0,1741.6
M01,IY1,0.0698,339.0,2405.6
M01,IY1,0.1297,350.9,2695.8
M01,UW1,0.1197,359.3,1157.0
M01,IY1,0.1297,365.0,2712.1
M01,AE1,0.1796,828.1,1500.0
M01,IY1,0.1396,335.9,2446.9
M01,AE1,0.2295,775.4,1604.5
M01,IY1,0.0998,363.3,2514.8
M01,AA1,0.1696,754.1,1273.8
M01,IY1,0.0998,331.0,2319.9
M01,UW1,0.0798,340.2,2029.7
M01,AE1,0.1297,649.6,1723.5
M01,AE1,0.1496,768.8,1772.5
M01,AE1,0.1497,706.2,1675.5
M01,AE1,0.0998,575.4,1830.8
M01,IY1,0.1496,325.6,2599.7
M01,AA1,0.1497,737.4,1160.2
M01,IY1,0.1397,303.7,2444.2
M01,IY1,0.1197,320.9,2357.4
M01,IY1,0.1497,344.8,2528.6
M01,IY1,0.1198,348.3,2263.8
M01,AE1,0.1496,567.5,1722.2
M01,AE1,0.1197,736.9,1733.7
M01,AE1,0.2095,789.3,1772.3
M01,AA1,0.2095,697.2,1129.4
M01,AE1,0.1197,765.8,1486.2
M01,AA1,0.1297,677.7,1112.6
M01,AE1,0.1596,814.1,1722.9
M01,IY1,0.0998,383.8,2430.0
M01,AE1,0.1696,607.7,1678.4
M01,AE1,0.1596,644.1,1680.3
M01,IY1,0.1197,308.4,2360.8
M01,AE1,0.1895,754.3,1705.6
M01,AA1,0.1397,622.5,1286.0
M01,IY1,0.2594,361.3,2452.5
M01,AA1,0.2095,717.5,1193.8
M01,AE1,0.0998,840.5,1732.8
M01,AE1,0.1496,801.4,1737.7
M01,IY1,0.1297,363.5,2255.4
M01,UW1,0.1098,389.3,1698.9
M01,UW1,0.2095,384.4,1227.4
M01,IY1,0.2096,294.8,2687.6
M01,AA1,0.1796,702.5,1241.4
M01,UW1,0.0698,398.0,1485.5
M01,IY1,0.1297,319.8,2389.1
M01,AE1,0.1397,680.2,1642.2
M01,AE1,0.1497,809.5,1818.0
M01,UW1,0.0698,384.8,1206.3
M01,IY1,0.0898,389.8,2203.3
M01,IY1,0.0898,315.5,2481.5
M01,AA1,0.1396,663.4,1200.1
M01,AA1,0.1896,731.1,1123.5
M01,AE1,0.1198,778.2,1600.5
M01,IY1,0.1197,364.3,2161.2
M01,AE1,0.1596,712.5,1803.9
M01,UW1,0.0898,330.3,2022.7
M01,AE1,0.1396,830.3,1588.2
M01,AE1,0.1796,642.8,1806.2
M01,UW1,0.1895,423.2,1749.8
M01,AA1,0.1795,555.3,1122.4
M01,UW1,0.0699,285.7,1866.7
M01,AA1,0.1796,718.0,1200.0
M01,IY1,0.1596,329.6,2443.9
M01,AE1,0.1497,640.6,1722.4
M01,IY1,0.0599,346.7,2175.2
M01,IY1,0.1297,353.0,2448.4
M01,UW1,0.1197,312.4,1714.3
M01,IY1,0.1396,352.5,2303.6
M01,AE1,0.0998,612.2,1702.2
M01,AE1,0.2195,793.5,1742.5
M01,IY1,0.0399,380.6,2137.0
M01,IY1,0.1597,340.4,2345.5
M01,UW1,0.0599,356.2,997.3
M01,IY1,0.0798,342.0,2078.2
M01,IY1,0.0598,390.3,2153.4
M01,AE1,0.1596,806.8,1701.7
M01,IY1,0.1397,318.6,2485.7
M01,IY1,0.1297,341.5,2281.2
M01,UW1,0.2594,419.3,1941.0
M01,IY1,0.0399,373.5,2561.4
M01,UW1,0.03,432.1,1535.3
